topic_id,mean_probability
0,0.26912616176941373
4,0.2074071054872254
3,0.18613665836346094
1,0.18489737884673738
2,0.1524326955331649
