topic_id,percentage_of_reviews
0,30.086379386071933
4,20.740813039871163
1,19.306036796642427
3,16.36816163193597
2,13.498609145478502
