topic_id,mean_weight
2,0.021613600951228433
3,0.019284473574727144
1,0.017610643847898153
0,0.016910859324363852
4,0.01551984971794343
