topic_id,percentage_of_reviews
2,25.513640134693276
3,22.561124396076327
1,20.067346639988287
0,16.82689961446489
4,15.030989214777218
